codAluno, nomeAluno, nota1, nota2, media, aprovado
001, Mateus, 8, 10, 9.3333333333333, SIM
002, Márcia, 10, 8, 8.6666666666667, SIM
003, Jose, 9, 4, 5.6666666666667, NÃO